"Name","Section","Type","Title","Note","Day Of Week","First Date","Last Date","Published Start","Published End","Location","Capacity","Instructor / Sponsor","Email","Requested Services","Approved",
"ALG 101","1","Lecture","Algebra I",,"MWF","08/23/2010","09/03/2010","9:30a","10:20a","EDUC 103","2","Doe, J",,,"09/22/2010",
"ALG 101","1","Lecture","Algebra I",,"MWF","09/08/2010","10/08/2010","9:30a","10:20a","EDUC 103","2","Doe, J",,,"09/22/2010",
"ALG 101","1","Lecture","Algebra I",,"MWF","10/13/2010","11/22/2010","9:30a","10:20a","EDUC 103","2","Doe, J",,,"09/22/2010",
"ALG 101","1","Lecture","Algebra I",,"MWF","11/29/2010","12/10/2010","9:30a","10:20a","EDUC 103","2","Doe, J",,,"09/22/2010",
"AOL 101","L1","Lecture","AOL 101",,"MTW","08/23/2010","09/01/2010","7:30a","10:00a","EDUC 101","4",,,,"11/17/2025",
"AOL 101","L1","Lecture","AOL 101",,"MTW","09/07/2010","10/06/2010","7:30a","10:00a","EDUC 101","4",,,,"11/17/2025",
"AOL 101","L1","Lecture","AOL 101",,"MTW","10/13/2010","11/23/2010","7:30a","10:00a","EDUC 101","4",,,,"11/17/2025",
"AOL 101","L1","Lecture","AOL 101",,"MTW","11/29/2010","12/08/2010","7:30a","10:00a","EDUC 101","4",,,,"11/17/2025",
"BAND 101","1","Lecture","Band",,"MTWThF","08/23/2010","09/03/2010","3:30p","5:20p","EDUC 101","4",,,,"09/22/2010",
"BAND 101","1","Lecture","Band",,"MTWThF","09/07/2010","10/08/2010","3:30p","5:20p","EDUC 101","4",,,,"09/22/2010",
"BAND 101","1","Lecture","Band",,"MTWThF","10/13/2010","11/23/2010","3:30p","5:20p","EDUC 101","4",,,,"09/22/2010",
"BAND 101","1","Lecture","Band",,"MTWThF","11/29/2010","12/10/2010","3:30p","5:20p","EDUC 101","4",,,,"09/22/2010",
"BIOL 101","1","Lecture","Introduction to Biology",,"MF","08/23/2010","09/03/2010","2:30p","3:20p","EDUC 101","4","Newman, G",,,"09/22/2010",
"BIOL 101","1","Lecture","Introduction to Biology",,"MF","09/10/2010","10/08/2010","2:30p","3:20p","EDUC 101","4","Newman, G",,,"09/22/2010",
"BIOL 101","1","Lecture","Introduction to Biology",,"MF","10/15/2010","11/22/2010","2:30p","3:20p","EDUC 101","4","Newman, G",,,"09/22/2010",
"BIOL 101","1","Lecture","Introduction to Biology",,"MF","11/29/2010","12/10/2010","2:30p","3:20p","EDUC 101","4","Newman, G",,,"09/22/2010",
"BIOL 101","2","Lecture","Introduction to Biology",,"TTh","08/24/2010","10/07/2010","7:30a","8:20a","EDUC 101","4","Newman, G",,,"09/22/2010",
"BIOL 101","2","Lecture","Introduction to Biology",,"TTh","10/14/2010","11/23/2010","7:30a","8:20a","EDUC 101","4","Newman, G",,,"09/22/2010",
"BIOL 101","2","Lecture","Introduction to Biology",,"TTh","11/30/2010","12/09/2010","7:30a","8:20a","EDUC 101","4","Newman, G",,,"09/22/2010",
"BIOL 101","3","Lecture","Introduction to Biology",,"MF","08/23/2010","09/03/2010","9:30a","10:20a","EDUC 101","4","Newman, G",,,"09/22/2010",
"BIOL 101","3","Lecture","Introduction to Biology",,"MF","09/10/2010","10/08/2010","9:30a","10:20a","EDUC 101","4","Newman, G",,,"09/22/2010",
"BIOL 101","3","Lecture","Introduction to Biology",,"MF","10/15/2010","11/22/2010","9:30a","10:20a","EDUC 101","4","Newman, G",,,"09/22/2010",
"BIOL 101","3","Lecture","Introduction to Biology",,"MF","11/29/2010","12/10/2010","9:30a","10:20a","EDUC 101","4","Newman, G",,,"09/22/2010",
"C S 101","1","Lecture","Introductory Computing",,"MF","08/23/2010","09/03/2010","1:30p","2:20p","EDUC 102","2","Doe, J",,,"09/22/2010",
"C S 101","1","Lecture","Introductory Computing",,"MF","09/10/2010","10/08/2010","1:30p","2:20p","EDUC 102","2","Doe, J",,,"09/22/2010",
"C S 101","1","Lecture","Introductory Computing",,"MF","10/15/2010","11/22/2010","1:30p","2:20p","EDUC 102","2","Doe, J",,,"09/22/2010",
"C S 101","1","Lecture","Introductory Computing",,"MF","11/29/2010","12/10/2010","1:30p","2:20p","EDUC 102","2","Doe, J",,,"09/22/2010",
"C S 101","2","Lecture","Introductory Computing",,"MW","08/23/2010","09/01/2010","12:30p","1:20p","EDUC 103","2","Doe, J",,,"09/22/2010",
"C S 101","2","Lecture","Introductory Computing",,"MW","09/08/2010","10/06/2010","12:30p","1:20p","EDUC 103","2","Doe, J",,,"09/22/2010",
"C S 101","2","Lecture","Introductory Computing",,"MW","10/13/2010","11/22/2010","12:30p","1:20p","EDUC 103","2","Doe, J",,,"09/22/2010",
"C S 101","2","Lecture","Introductory Computing",,"MW","11/29/2010","12/08/2010","12:30p","1:20p","EDUC 103","2","Doe, J",,,"09/22/2010",
"CALC 101","1","Lecture","Calculus",,"MWF","08/23/2010","09/03/2010","7:30a","8:20a","EDUC 101","4","Doe, J",,,"09/22/2010",
"CALC 101","1","Lecture","Calculus",,"MWF","09/08/2010","10/08/2010","7:30a","8:20a","EDUC 101","4","Doe, J",,,"09/22/2010",
"CALC 101","1","Lecture","Calculus",,"MWF","10/13/2010","11/22/2010","7:30a","8:20a","EDUC 101","4","Doe, J",,,"09/22/2010",
"CALC 101","1","Lecture","Calculus",,"MWF","11/29/2010","12/10/2010","7:30a","8:20a","EDUC 101","4","Doe, J",,,"09/22/2010",
"CALC 101","2","Lecture","Calculus",,"MWF","08/23/2010","09/03/2010","10:30a","11:20a","EDUC 101","4","Doe, J",,,"09/22/2010",
"CALC 101","2","Lecture","Calculus",,"MWF","09/08/2010","10/08/2010","10:30a","11:20a","EDUC 101","4","Doe, J",,,"09/22/2010",
"CALC 101","2","Lecture","Calculus",,"MWF","10/13/2010","11/22/2010","10:30a","11:20a","EDUC 101","4","Doe, J",,,"09/22/2010",
"CALC 101","2","Lecture","Calculus",,"MWF","11/29/2010","12/10/2010","10:30a","11:20a","EDUC 101","4","Doe, J",,,"09/22/2010",
"CALC 101","3","Lecture","Calculus",,"MWF","08/23/2010","09/03/2010","8:30a","9:20a","EDUC 101","4","Doe, J",,,"09/22/2010",
"CALC 101","3","Lecture","Calculus",,"MWF","09/08/2010","10/08/2010","8:30a","9:20a","EDUC 101","4","Doe, J",,,"09/22/2010",
"CALC 101","3","Lecture","Calculus",,"MWF","10/13/2010","11/22/2010","8:30a","9:20a","EDUC 101","4","Doe, J",,,"09/22/2010",
"CALC 101","3","Lecture","Calculus",,"MWF","11/29/2010","12/10/2010","8:30a","9:20a","EDUC 101","4","Doe, J",,,"09/22/2010",
"CG 101","1","Lecture","CG_101_new",,"M","08/23/2010","08/30/2010","3:30p","5:20p","EDUC 103","2",,,,"11/17/2025",
"CG 101","1","Lecture","CG_101_new",,"M","09/13/2010","10/04/2010","3:30p","5:20p","EDUC 103","2",,,,"11/17/2025",
"CG 101","1","Lecture","CG_101_new",,"M","10/18/2010","12/06/2010","3:30p","5:20p","EDUC 103","2",,,,"11/17/2025",
"CHM 101","1","Lecture","Chemistry I",,"MW","08/23/2010","09/01/2010","12:30p","1:20p","EDUC 101","4",,,,"09/22/2010",
"CHM 101","1","Lecture","Chemistry I",,"MW","09/08/2010","10/06/2010","12:30p","1:20p","EDUC 101","4",,,,"09/22/2010",
"CHM 101","1","Lecture","Chemistry I",,"MW","10/13/2010","11/22/2010","12:30p","1:20p","EDUC 101","4",,,,"09/22/2010",
"CHM 101","1","Lecture","Chemistry I",,"MW","11/29/2010","12/08/2010","12:30p","1:20p","EDUC 101","4",,,,"09/22/2010",
"CHM 101","2","Lecture","Chemistry I",,"TTh","08/24/2010","10/07/2010","9:30a","10:20a","EDUC 101","4",,,,"09/22/2010",
"CHM 101","2","Lecture","Chemistry I",,"TTh","10/14/2010","11/23/2010","9:30a","10:20a","EDUC 101","4",,,,"09/22/2010",
"CHM 101","2","Lecture","Chemistry I",,"TTh","11/30/2010","12/09/2010","9:30a","10:20a","EDUC 101","4",,,,"09/22/2010",
"CHM 101","3","Lecture","Chemistry I",,"TTh","08/24/2010","10/07/2010","11:30a","12:20p","EDUC 101","4",,,,"09/22/2010",
"CHM 101","3","Lecture","Chemistry I",,"TTh","10/14/2010","11/23/2010","11:30a","12:20p","EDUC 101","4",,,,"09/22/2010",
"CHM 101","3","Lecture","Chemistry I",,"TTh","11/30/2010","12/09/2010","11:30a","12:20p","EDUC 101","4",,,,"09/22/2010",
"COM 101","1","Lecture","Communications I",,"TTh","08/24/2010","10/07/2010","7:30a","8:45a","EDUC 104","1",,,,"09/22/2010",
"COM 101","1","Lecture","Communications I",,"TTh","10/14/2010","11/23/2010","7:30a","8:45a","EDUC 104","1",,,,"09/22/2010",
"COM 101","1","Lecture","Communications I",,"TTh","11/30/2010","12/09/2010","7:30a","8:45a","EDUC 104","1",,,,"09/22/2010",
"COM 101","2","Lecture","Communications I",,"TTh","08/24/2010","10/07/2010","4:30p","5:45p","EDUC 102","2",,,,"09/22/2010",
"COM 101","2","Lecture","Communications I",,"TTh","10/14/2010","11/23/2010","4:30p","5:45p","EDUC 102","2",,,,"09/22/2010",
"COM 101","2","Lecture","Communications I",,"TTh","11/30/2010","12/09/2010","4:30p","5:45p","EDUC 102","2",,,,"09/22/2010",
"COM 101","3","Lecture","Communications I",,"TTh","08/24/2010","10/07/2010","7:30a","8:45a","EDUC 102","2",,,,"09/22/2010",
"COM 101","3","Lecture","Communications I",,"TTh","10/14/2010","11/23/2010","7:30a","8:45a","EDUC 102","2",,,,"09/22/2010",
"COM 101","3","Lecture","Communications I",,"TTh","11/30/2010","12/09/2010","7:30a","8:45a","EDUC 102","2",,,,"09/22/2010",
"COM 101","4","Lecture","Communications I",,"TTh","08/24/2010","10/07/2010","1:30p","2:45p","EDUC 103","2",,,,"09/22/2010",
"COM 101","4","Lecture","Communications I",,"TTh","10/14/2010","11/23/2010","1:30p","2:45p","EDUC 103","2",,,,"09/22/2010",
"COM 101","4","Lecture","Communications I",,"TTh","11/30/2010","12/09/2010","1:30p","2:45p","EDUC 103","2",,,,"09/22/2010",
"COM 101","5","Lecture","Communications I",,"TTh","08/24/2010","10/07/2010","4:30p","5:45p","EDUC 104","1",,,,"09/22/2010",
"COM 101","5","Lecture","Communications I",,"TTh","10/14/2010","11/23/2010","4:30p","5:45p","EDUC 104","1",,,,"09/22/2010",
"COM 101","5","Lecture","Communications I",,"TTh","11/30/2010","12/09/2010","4:30p","5:45p","EDUC 104","1",,,,"09/22/2010",
"COM 101","6","Lecture","Communications I",,"TTh","08/24/2010","10/07/2010","9:00a","10:15a","EDUC 104","1",,,,"09/22/2010",
"COM 101","6","Lecture","Communications I",,"TTh","10/14/2010","11/23/2010","9:00a","10:15a","EDUC 104","1",,,,"09/22/2010",
"COM 101","6","Lecture","Communications I",,"TTh","11/30/2010","12/09/2010","9:00a","10:15a","EDUC 104","1",,,,"09/22/2010",
"COM 101","7","Lecture","Communications I",,"TTh","08/24/2010","10/07/2010","3:00p","4:15p","EDUC 102","2",,,,"09/22/2010",
"COM 101","7","Lecture","Communications I",,"TTh","10/14/2010","11/23/2010","3:00p","4:15p","EDUC 102","2",,,,"09/22/2010",
"COM 101","7","Lecture","Communications I",,"TTh","11/30/2010","12/09/2010","3:00p","4:15p","EDUC 102","2",,,,"09/22/2010",
"COM 101","8","Lecture","Communications I",,"TTh","08/24/2010","10/07/2010","10:30a","11:45a","EDUC 103","2",,,,"09/22/2010",
"COM 101","8","Lecture","Communications I",,"TTh","10/14/2010","11/23/2010","10:30a","11:45a","EDUC 103","2",,,,"09/22/2010",
"COM 101","8","Lecture","Communications I",,"TTh","11/30/2010","12/09/2010","10:30a","11:45a","EDUC 103","2",,,,"09/22/2010",
"COM 101","9","Lecture","Communications I",,"TTh","08/24/2010","10/07/2010","9:00a","10:15a","EDUC 102","2",,,,"09/22/2010",
"COM 101","9","Lecture","Communications I",,"TTh","10/14/2010","11/23/2010","9:00a","10:15a","EDUC 102","2",,,,"09/22/2010",
"COM 101","9","Lecture","Communications I",,"TTh","11/30/2010","12/09/2010","9:00a","10:15a","EDUC 102","2",,,,"09/22/2010",
"DLCS 101","L1","Lecture","DLCS_101 NEW",,"MWF","08/23/2010","09/03/2010","8:30a","9:20a","EDUC 106","1",,,,"11/18/2025",
"DLCS 101","L1","Lecture","DLCS_101 NEW",,"MWF","09/08/2010","10/08/2010","8:30a","9:20a","EDUC 106","1",,,,"11/18/2025",
"DLCS 101","L1","Lecture","DLCS_101 NEW",,"MWF","10/13/2010","11/22/2010","8:30a","9:20a","EDUC 106","1",,,,"11/18/2025",
"DLCS 101","L1","Lecture","DLCS_101 NEW",,"MWF","11/29/2010","12/10/2010","8:30a","9:20a","EDUC 106","1",,,,"11/18/2025",
"DRL 101","R1","Lecture","DRL_101",,"T","08/24/2010","10/05/2010","10:30a","noon","EDUC 104","1",,,,"11/18/2025",
"DRL 101","R1","Lecture","DRL_101",,"T","10/19/2010","12/07/2010","10:30a","noon","EDUC 104","1",,,,"11/18/2025",
"DRL 104","R1","Lecture","DRL_101 NEW",,"T","08/24/2010","10/05/2010","10:30a","noon","EDUC 104","1",,,,"11/19/2025",
"DRL 104","R1","Lecture","DRL_101 NEW",,"T","10/19/2010","12/07/2010","10:30a","noon","EDUC 104","1",,,,"11/19/2025",
"ECON 101","1","Lecture","Micoeconomics",,"MWF","08/23/2010","09/03/2010","11:30a","12:20p","EDUC 101","4",,,,"09/22/2010",
"ECON 101","1","Lecture","Micoeconomics",,"MWF","09/08/2010","10/08/2010","11:30a","12:20p","EDUC 101","4",,,,"09/22/2010",
"ECON 101","1","Lecture","Micoeconomics",,"MWF","10/13/2010","11/22/2010","11:30a","12:20p","EDUC 101","4",,,,"09/22/2010",
"ECON 101","1","Lecture","Micoeconomics",,"MWF","11/29/2010","12/10/2010","11:30a","12:20p","EDUC 101","4",,,,"09/22/2010",
"ENGL 101","1","Lecture","English",,"MWF","08/23/2010","09/03/2010","4:30p","5:20p","EDUC 104","1",,,,"09/22/2010",
"ENGL 101","1","Lecture","English",,"MWF","09/08/2010","10/08/2010","4:30p","5:20p","EDUC 104","1",,,,"09/22/2010",
"ENGL 101","1","Lecture","English",,"MWF","10/13/2010","11/22/2010","4:30p","5:20p","EDUC 104","1",,,,"09/22/2010",
"ENGL 101","1","Lecture","English",,"MWF","11/29/2010","12/10/2010","4:30p","5:20p","EDUC 104","1",,,,"09/22/2010",
"ENGL 101","10","Lecture","English",,"MWF","08/23/2010","09/03/2010","12:30p","1:20p","EDUC 104","1",,,,"09/22/2010",
"ENGL 101","10","Lecture","English",,"MWF","09/08/2010","10/08/2010","12:30p","1:20p","EDUC 104","1",,,,"09/22/2010",
"ENGL 101","10","Lecture","English",,"MWF","10/13/2010","11/22/2010","12:30p","1:20p","EDUC 104","1",,,,"09/22/2010",
"ENGL 101","10","Lecture","English",,"MWF","11/29/2010","12/10/2010","12:30p","1:20p","EDUC 104","1",,,,"09/22/2010",
"ENGL 101","2","Lecture","English",,"MWF","08/23/2010","09/03/2010","3:30p","4:20p","EDUC 104","1",,,,"09/22/2010",
"ENGL 101","2","Lecture","English",,"MWF","09/08/2010","10/08/2010","3:30p","4:20p","EDUC 104","1",,,,"09/22/2010",
"ENGL 101","2","Lecture","English",,"MWF","10/13/2010","11/22/2010","3:30p","4:20p","EDUC 104","1",,,,"09/22/2010",
"ENGL 101","2","Lecture","English",,"MWF","11/29/2010","12/10/2010","3:30p","4:20p","EDUC 104","1",,,,"09/22/2010",
"ENGL 101","3","Lecture","English",,"MWF","08/23/2010","09/03/2010","10:30a","11:20a","EDUC 102","2",,,,"09/22/2010",
"ENGL 101","3","Lecture","English",,"MWF","09/08/2010","10/08/2010","10:30a","11:20a","EDUC 102","2",,,,"09/22/2010",
"ENGL 101","3","Lecture","English",,"MWF","10/13/2010","11/22/2010","10:30a","11:20a","EDUC 102","2",,,,"09/22/2010",
"ENGL 101","3","Lecture","English",,"MWF","11/29/2010","12/10/2010","10:30a","11:20a","EDUC 102","2",,,,"09/22/2010",
"ENGL 101","4","Lecture","English",,"MWF","08/23/2010","09/03/2010","2:30p","3:20p","EDUC 104","1",,,,"09/22/2010",
"ENGL 101","4","Lecture","English",,"MWF","09/08/2010","10/08/2010","2:30p","3:20p","EDUC 104","1",,,,"09/22/2010",
"ENGL 101","4","Lecture","English",,"MWF","10/13/2010","11/22/2010","2:30p","3:20p","EDUC 104","1",,,,"09/22/2010",
"ENGL 101","4","Lecture","English",,"MWF","11/29/2010","12/10/2010","2:30p","3:20p","EDUC 104","1",,,,"09/22/2010",
"ENGL 101","5","Lecture","English",,"MWF","08/23/2010","09/03/2010","11:30a","12:20p","EDUC 102","2",,,,"09/22/2010",
"ENGL 101","5","Lecture","English",,"MWF","09/08/2010","10/08/2010","11:30a","12:20p","EDUC 102","2",,,,"09/22/2010",
"ENGL 101","5","Lecture","English",,"MWF","10/13/2010","11/22/2010","11:30a","12:20p","EDUC 102","2",,,,"09/22/2010",
"ENGL 101","5","Lecture","English",,"MWF","11/29/2010","12/10/2010","11:30a","12:20p","EDUC 102","2",,,,"09/22/2010",
"ENGL 101","6","Lecture","English",,"MWF","08/23/2010","09/03/2010","1:30p","2:20p","EDUC 103","2",,,,"09/22/2010",
"ENGL 101","6","Lecture","English",,"MWF","09/08/2010","10/08/2010","1:30p","2:20p","EDUC 103","2",,,,"09/22/2010",
"ENGL 101","6","Lecture","English",,"MWF","10/13/2010","11/22/2010","1:30p","2:20p","EDUC 103","2",,,,"09/22/2010",
"ENGL 101","6","Lecture","English",,"MWF","11/29/2010","12/10/2010","1:30p","2:20p","EDUC 103","2",,,,"09/22/2010",
"ENGL 101","7","Lecture","English",,"MWF","08/23/2010","09/03/2010","9:30a","10:20a","EDUC 102","2",,,,"09/22/2010",
"ENGL 101","7","Lecture","English",,"MWF","09/08/2010","10/08/2010","9:30a","10:20a","EDUC 102","2",,,,"09/22/2010",
"ENGL 101","7","Lecture","English",,"MWF","10/13/2010","11/22/2010","9:30a","10:20a","EDUC 102","2",,,,"09/22/2010",
"ENGL 101","7","Lecture","English",,"MWF","11/29/2010","12/10/2010","9:30a","10:20a","EDUC 102","2",,,,"09/22/2010",
"ENGL 101","8","Lecture","English",,"MWF","08/23/2010","09/03/2010","8:30a","9:20a","EDUC 104","1",,,,"09/22/2010",
"ENGL 101","8","Lecture","English",,"MWF","09/08/2010","10/08/2010","8:30a","9:20a","EDUC 104","1",,,,"09/22/2010",
"ENGL 101","8","Lecture","English",,"MWF","10/13/2010","11/22/2010","8:30a","9:20a","EDUC 104","1",,,,"09/22/2010",
"ENGL 101","8","Lecture","English",,"MWF","11/29/2010","12/10/2010","8:30a","9:20a","EDUC 104","1",,,,"09/22/2010",
"ENGL 101","9","Lecture","English",,"MWF","08/23/2010","09/03/2010","7:30a","8:20a","EDUC 102","2",,,,"09/22/2010",
"ENGL 101","9","Lecture","English",,"MWF","09/08/2010","10/08/2010","7:30a","8:20a","EDUC 102","2",,,,"09/22/2010",
"ENGL 101","9","Lecture","English",,"MWF","10/13/2010","11/22/2010","7:30a","8:20a","EDUC 102","2",,,,"09/22/2010",
"ENGL 101","9","Lecture","English",,"MWF","11/29/2010","12/10/2010","7:30a","8:20a","EDUC 102","2",,,,"09/22/2010",
"ENGR 101","1","Lecture","Freshman Engineering",,"TTh","08/24/2010","10/07/2010","2:30p","3:20p","EDUC 101","4",,,,"09/22/2010",
"ENGR 101","1","Lecture","Freshman Engineering",,"TTh","10/14/2010","11/23/2010","2:30p","3:20p","EDUC 101","4",,,,"09/22/2010",
"ENGR 101","1","Lecture","Freshman Engineering",,"TTh","11/30/2010","12/09/2010","2:30p","3:20p","EDUC 101","4",,,,"09/22/2010",
"GER 101","1","Lecture","German",,"MWF","08/23/2010","09/03/2010","7:30a","8:20a","EDUC 103","2",,,,"09/22/2010",
"GER 101","1","Lecture","German",,"MWF","09/08/2010","10/08/2010","7:30a","8:20a","EDUC 103","2",,,,"09/22/2010",
"GER 101","1","Lecture","German",,"MWF","10/13/2010","11/22/2010","7:30a","8:20a","EDUC 103","2",,,,"09/22/2010",
"GER 101","1","Lecture","German",,"MWF","11/29/2010","12/10/2010","7:30a","8:20a","EDUC 103","2",,,,"09/22/2010",
"GER 101","2","Lecture","German",,"MWF","08/23/2010","09/03/2010","12:30p","1:20p","EDUC 102","2",,,,"09/22/2010",
"GER 101","2","Lecture","German",,"MWF","09/08/2010","10/08/2010","12:30p","1:20p","EDUC 102","2",,,,"09/22/2010",
"GER 101","2","Lecture","German",,"MWF","10/13/2010","11/22/2010","12:30p","1:20p","EDUC 102","2",,,,"09/22/2010",
"GER 101","2","Lecture","German",,"MWF","11/29/2010","12/10/2010","12:30p","1:20p","EDUC 102","2",,,,"09/22/2010",
"HIST 101","1","Lecture","History of the World",,"MWF","08/23/2010","09/03/2010","3:30p","4:20p","EDUC 103","2",,,,"09/22/2010",
"HIST 101","1","Lecture","History of the World",,"MWF","09/08/2010","10/08/2010","3:30p","4:20p","EDUC 103","2",,,,"09/22/2010",
"HIST 101","1","Lecture","History of the World",,"MWF","10/13/2010","11/22/2010","3:30p","4:20p","EDUC 103","2",,,,"09/22/2010",
"HIST 101","1","Lecture","History of the World",,"MWF","11/29/2010","12/10/2010","3:30p","4:20p","EDUC 103","2",,,,"09/22/2010",
"HIST 101","2","Lecture","History of the World",,"MWF","08/23/2010","09/03/2010","2:30p","3:20p","EDUC 103","2",,,,"09/22/2010",
"HIST 101","2","Lecture","History of the World",,"MWF","09/08/2010","10/08/2010","2:30p","3:20p","EDUC 103","2",,,,"09/22/2010",
"HIST 101","2","Lecture","History of the World",,"MWF","10/13/2010","11/22/2010","2:30p","3:20p","EDUC 103","2",,,,"09/22/2010",
"HIST 101","2","Lecture","History of the World",,"MWF","11/29/2010","12/10/2010","2:30p","3:20p","EDUC 103","2",,,,"09/22/2010",
"LING 101","1","Lecture","Introduction to Linguistics",,"MWF","08/23/2010","09/03/2010","4:30p","5:20p","EDUC 103","2",,,,"09/22/2010",
"LING 101","1","Lecture","Introduction to Linguistics",,"MWF","09/08/2010","10/08/2010","4:30p","5:20p","EDUC 103","2",,,,"09/22/2010",
"LING 101","1","Lecture","Introduction to Linguistics",,"MWF","10/13/2010","11/22/2010","4:30p","5:20p","EDUC 103","2",,,,"09/22/2010",
"LING 101","1","Lecture","Introduction to Linguistics",,"MWF","11/29/2010","12/10/2010","4:30p","5:20p","EDUC 103","2",,,,"09/22/2010",
"MBIO 101","1","Lecture","Principles of Microbiology",,"TTh","08/24/2010","10/07/2010","10:30a","11:20a","EDUC 101","4",,,,"09/22/2010",
"MBIO 101","1","Lecture","Principles of Microbiology",,"TTh","10/14/2010","11/23/2010","10:30a","11:20a","EDUC 101","4",,,,"09/22/2010",
"MBIO 101","1","Lecture","Principles of Microbiology",,"TTh","11/30/2010","12/09/2010","10:30a","11:20a","EDUC 101","4",,,,"09/22/2010",
"MMD 101","L1","Lecture","MMD 101",,"MTW","08/23/2010","09/01/2010","9:20a","10:00a","EDUC 101","4",,,,"11/17/2025",
"MMD 101","L1","Lecture","MMD 101",,"MTW","09/07/2010","10/06/2010","9:20a","10:00a","EDUC 101","4",,,,"11/17/2025",
"MMD 101","L1","Lecture","MMD 101",,"MTW","10/13/2010","11/23/2010","9:20a","10:00a","EDUC 101","4",,,,"11/17/2025",
"MMD 101","L1","Lecture","MMD 101",,"MTW","11/29/2010","12/08/2010","9:20a","10:00a","EDUC 101","4",,,,"11/17/2025",
"MMD 102","L1","Lecture","MMD 101 NEW",,"MTW","08/23/2010","09/01/2010","9:20a","10:00a","EDUC 101","4",,,,"11/19/2025",
"MMD 102","L1","Lecture","MMD 101 NEW",,"MTW","09/07/2010","10/06/2010","9:20a","10:00a","EDUC 101","4",,,,"11/19/2025",
"MMD 102","L1","Lecture","MMD 101 NEW",,"MTW","10/13/2010","11/23/2010","9:20a","10:00a","EDUC 101","4",,,,"11/19/2025",
"MMD 102","L1","Lecture","MMD 101 NEW",,"MTW","11/29/2010","12/08/2010","9:20a","10:00a","EDUC 101","4",,,,"11/19/2025",
"MVS 101","R1","Lecture","MVS_101",,"T","08/24/2010","10/05/2010","2:30p","4:00p","EDUC 105","1",,,,"11/19/2025",
"MVS 101","R1","Lecture","MVS_101",,"T","10/19/2010","12/07/2010","2:30p","4:00p","EDUC 105","1",,,,"11/19/2025",
"MVS 105","R1","Lecture","MVS_101 NEW",,"T","08/24/2010","10/05/2010","2:30p","4:00p","EDUC 105","1",,,,"11/19/2025",
"MVS 105","R1","Lecture","MVS_101 NEW",,"T","10/19/2010","12/07/2010","2:30p","4:00p","EDUC 105","1",,,,"11/19/2025",
"PHAR 101","1","Lecture","Seminars in Pharmacy",,"T","08/24/2010","10/05/2010","8:30a","9:20a","EDUC 101","4",,,,"09/22/2010",
"PHAR 101","1","Lecture","Seminars in Pharmacy",,"T","10/19/2010","12/07/2010","8:30a","9:20a","EDUC 101","4",,,,"09/22/2010",
"PHIL 101","1","Lecture","Philosophy",,"MWF","08/23/2010","09/03/2010","10:30a","11:20a","EDUC 103","2",,,,"09/22/2010",
"PHIL 101","1","Lecture","Philosophy",,"MWF","09/08/2010","10/08/2010","10:30a","11:20a","EDUC 103","2",,,,"09/22/2010",
"PHIL 101","1","Lecture","Philosophy",,"MWF","10/13/2010","11/22/2010","10:30a","11:20a","EDUC 103","2",,,,"09/22/2010",
"PHIL 101","1","Lecture","Philosophy",,"MWF","11/29/2010","12/10/2010","10:30a","11:20a","EDUC 103","2",,,,"09/22/2010",
"PHYS 101","1","Lecture","Physics",,"TTh","08/24/2010","10/07/2010","12:30p","1:20p","EDUC 102","2",,,,"09/22/2010",
"PHYS 101","1","Lecture","Physics",,"TTh","10/14/2010","11/23/2010","12:30p","1:20p","EDUC 102","2",,,,"09/22/2010",
"PHYS 101","1","Lecture","Physics",,"TTh","11/30/2010","12/09/2010","12:30p","1:20p","EDUC 102","2",,,,"09/22/2010",
"PHYS 101","2","Lecture","Physics",,"TTh","08/24/2010","10/07/2010","1:30p","2:20p","EDUC 101","4",,,,"09/22/2010",
"PHYS 101","2","Lecture","Physics",,"TTh","10/14/2010","11/23/2010","1:30p","2:20p","EDUC 101","4",,,,"09/22/2010",
"PHYS 101","2","Lecture","Physics",,"TTh","11/30/2010","12/09/2010","1:30p","2:20p","EDUC 101","4",,,,"09/22/2010",
"POL 101","1","Lecture","Political Science",,"TTh","08/24/2010","10/07/2010","1:30p","2:45p","EDUC 102","2",,,,"09/22/2010",
"POL 101","1","Lecture","Political Science",,"TTh","10/14/2010","11/23/2010","1:30p","2:45p","EDUC 102","2",,,,"09/22/2010",
"POL 101","1","Lecture","Political Science",,"TTh","11/30/2010","12/09/2010","1:30p","2:45p","EDUC 102","2",,,,"09/22/2010",
"POL 101","2","Lecture","Political Science",,"TTh","08/24/2010","10/07/2010","noon","1:15p","EDUC 103","2",,,,"09/22/2010",
"POL 101","2","Lecture","Political Science",,"TTh","10/14/2010","11/23/2010","noon","1:15p","EDUC 103","2",,,,"09/22/2010",
"POL 101","2","Lecture","Political Science",,"TTh","11/30/2010","12/09/2010","noon","1:15p","EDUC 103","2",,,,"09/22/2010",
"PSY 101","1","Lecture","Psychology",,"MWF","08/23/2010","09/03/2010","1:30p","2:20p","EDUC 101","4",,,,"09/22/2010",
"PSY 101","1","Lecture","Psychology",,"MWF","09/08/2010","10/08/2010","1:30p","2:20p","EDUC 101","4",,,,"09/22/2010",
"PSY 101","1","Lecture","Psychology",,"MWF","10/13/2010","11/22/2010","1:30p","2:20p","EDUC 101","4",,,,"09/22/2010",
"PSY 101","1","Lecture","Psychology",,"MWF","11/29/2010","12/10/2010","1:30p","2:20p","EDUC 101","4",,,,"09/22/2010",
"SOC 101","1","Lecture","Sociology",,"MWF","08/23/2010","09/03/2010","8:30a","9:20a","EDUC 103","2",,,,"09/22/2010",
"SOC 101","1","Lecture","Sociology",,"MWF","09/08/2010","10/08/2010","8:30a","9:20a","EDUC 103","2",,,,"09/22/2010",
"SOC 101","1","Lecture","Sociology",,"MWF","10/13/2010","11/22/2010","8:30a","9:20a","EDUC 103","2",,,,"09/22/2010",
"SOC 101","1","Lecture","Sociology",,"MWF","11/29/2010","12/10/2010","8:30a","9:20a","EDUC 103","2",,,,"09/22/2010",
"SOC 101","2","Lecture","Sociology",,"MWF","08/23/2010","09/03/2010","4:30p","5:20p","EDUC 102","2",,,,"09/22/2010",
"SOC 101","2","Lecture","Sociology",,"MWF","09/08/2010","10/08/2010","4:30p","5:20p","EDUC 102","2",,,,"09/22/2010",
"SOC 101","2","Lecture","Sociology",,"MWF","10/13/2010","11/22/2010","4:30p","5:20p","EDUC 102","2",,,,"09/22/2010",
"SOC 101","2","Lecture","Sociology",,"MWF","11/29/2010","12/10/2010","4:30p","5:20p","EDUC 102","2",,,,"09/22/2010",
"SPAN 101","1","Lecture","Spanish",,"TTh","08/24/2010","10/07/2010","3:00p","4:15p","EDUC 103","2",,,,"09/22/2010",
"SPAN 101","1","Lecture","Spanish",,"TTh","10/14/2010","11/23/2010","3:00p","4:15p","EDUC 103","2",,,,"09/22/2010",
"SPAN 101","1","Lecture","Spanish",,"TTh","11/30/2010","12/09/2010","3:00p","4:15p","EDUC 103","2",,,,"09/22/2010",
"SPAN 101","2","Lecture","Spanish",,"TTh","08/24/2010","10/07/2010","4:30p","5:45p","EDUC 103","2",,,,"09/22/2010",
"SPAN 101","2","Lecture","Spanish",,"TTh","10/14/2010","11/23/2010","4:30p","5:45p","EDUC 103","2",,,,"09/22/2010",
"SPAN 101","2","Lecture","Spanish",,"TTh","11/30/2010","12/09/2010","4:30p","5:45p","EDUC 103","2",,,,"09/22/2010",
"BIOL 101","1","Recitation","Introduction to Biology",,"M","08/23/2010","08/30/2010","11:30a","12:20p","EDUC 104","1",,,,"09/22/2010",
"BIOL 101","1","Recitation","Introduction to Biology",,"M","09/13/2010","10/04/2010","11:30a","12:20p","EDUC 104","1",,,,"09/22/2010",
"BIOL 101","1","Recitation","Introduction to Biology",,"M","10/18/2010","12/06/2010","11:30a","12:20p","EDUC 104","1",,,,"09/22/2010",
"BIOL 101","10","Recitation","Introduction to Biology",,"T","08/24/2010","10/05/2010","10:30a","11:20a","EDUC 102","2",,,,"09/22/2010",
"BIOL 101","10","Recitation","Introduction to Biology",,"T","10/19/2010","12/07/2010","10:30a","11:20a","EDUC 102","2",,,,"09/22/2010",
"BIOL 101","11","Recitation","Introduction to Biology",,"W","08/25/2010","11/17/2010","9:30a","10:20a","EDUC 104","1",,,,"09/22/2010",
"BIOL 101","11","Recitation","Introduction to Biology",,"W","12/01/2010","12/08/2010","9:30a","10:20a","EDUC 104","1",,,,"09/22/2010",
"BIOL 101","2","Recitation","Introduction to Biology",,"F","08/27/2010","11/19/2010","7:30a","8:20a","EDUC 104","1",,,,"09/22/2010",
"BIOL 101","2","Recitation","Introduction to Biology",,"F","12/03/2010","12/10/2010","7:30a","8:20a","EDUC 104","1",,,,"09/22/2010",
"BIOL 101","3","Recitation","Introduction to Biology",,"Th","08/26/2010","11/18/2010","1:30p","2:20p","EDUC 104","1",,,,"09/22/2010",
"BIOL 101","3","Recitation","Introduction to Biology",,"Th","12/02/2010","12/09/2010","1:30p","2:20p","EDUC 104","1",,,,"09/22/2010",
"BIOL 101","4","Recitation","Introduction to Biology",,"M","08/23/2010","08/30/2010","1:30p","2:20p","EDUC 104","1",,,,"09/22/2010",
"BIOL 101","4","Recitation","Introduction to Biology",,"M","09/13/2010","10/04/2010","1:30p","2:20p","EDUC 104","1",,,,"09/22/2010",
"BIOL 101","4","Recitation","Introduction to Biology",,"M","10/18/2010","12/06/2010","1:30p","2:20p","EDUC 104","1",,,,"09/22/2010",
"BIOL 101","5","Recitation","Introduction to Biology",,"W","08/25/2010","11/17/2010","11:30a","12:20p","EDUC 104","1",,,,"09/22/2010",
"BIOL 101","5","Recitation","Introduction to Biology",,"W","12/01/2010","12/08/2010","11:30a","12:20p","EDUC 104","1",,,,"09/22/2010",
"BIOL 101","6","Recitation","Introduction to Biology",,"F","08/27/2010","11/19/2010","9:30a","10:20a","EDUC 104","1",,,,"09/22/2010",
"BIOL 101","6","Recitation","Introduction to Biology",,"F","12/03/2010","12/10/2010","9:30a","10:20a","EDUC 104","1",,,,"09/22/2010",
"BIOL 101","7","Recitation","Introduction to Biology",,"W","08/25/2010","11/17/2010","1:30p","2:20p","EDUC 104","1",,,,"09/22/2010",
"BIOL 101","7","Recitation","Introduction to Biology",,"W","12/01/2010","12/08/2010","1:30p","2:20p","EDUC 104","1",,,,"09/22/2010",
"BIOL 101","8","Recitation","Introduction to Biology",,"W","08/25/2010","11/17/2010","3:30p","4:20p","EDUC 102","2",,,,"09/22/2010",
"BIOL 101","8","Recitation","Introduction to Biology",,"W","12/01/2010","12/08/2010","3:30p","4:20p","EDUC 102","2",,,,"09/22/2010",
"BIOL 101","9","Recitation","Introduction to Biology",,"W","08/25/2010","11/17/2010","7:30a","8:20a","EDUC 104","1",,,,"09/22/2010",
"BIOL 101","9","Recitation","Introduction to Biology",,"W","12/01/2010","12/08/2010","7:30a","8:20a","EDUC 104","1",,,,"09/22/2010",
"CALC 101","1","Recitation","Calculus",,"F","08/27/2010","11/19/2010","10:30a","11:20a","EDUC 104","1","Smith, J W",,,"09/22/2010",
"CALC 101","1","Recitation","Calculus",,"F","12/03/2010","12/10/2010","10:30a","11:20a","EDUC 104","1","Smith, J W",,,"09/22/2010",
"CALC 101","10","Recitation","Calculus",,"T","08/24/2010","10/05/2010","12:30p","1:20p","EDUC 104","1","Smith, J W",,,"09/22/2010",
"CALC 101","10","Recitation","Calculus",,"T","10/19/2010","12/07/2010","12:30p","1:20p","EDUC 104","1","Smith, J W",,,"09/22/2010",
"CALC 101","11","Recitation","Calculus",,"Th","08/26/2010","11/18/2010","12:30p","1:20p","EDUC 104","1","Smith, J W",,,"09/22/2010",
"CALC 101","11","Recitation","Calculus",,"Th","12/02/2010","12/09/2010","12:30p","1:20p","EDUC 104","1","Smith, J W",,,"09/22/2010",
"CALC 101","12","Recitation","Calculus",,"T","08/24/2010","10/05/2010","11:30a","12:20p","EDUC 104","1","Smith, J W",,,"09/22/2010",
"CALC 101","12","Recitation","Calculus",,"T","10/19/2010","12/07/2010","11:30a","12:20p","EDUC 104","1","Smith, J W",,,"09/22/2010",
"CALC 101","2","Recitation","Calculus",,"M","08/23/2010","08/30/2010","10:30a","11:20a","EDUC 104","1","Smith, J W",,,"09/22/2010",
"CALC 101","2","Recitation","Calculus",,"M","09/13/2010","10/04/2010","10:30a","11:20a","EDUC 104","1","Smith, J W",,,"09/22/2010",
"CALC 101","2","Recitation","Calculus",,"M","10/18/2010","12/06/2010","10:30a","11:20a","EDUC 104","1","Smith, J W",,,"09/22/2010",
"CALC 101","3","Recitation","Calculus",,"T","08/24/2010","10/05/2010","3:30p","4:20p","EDUC 104","1","Smith, J W",,,"09/22/2010",
"CALC 101","3","Recitation","Calculus",,"T","10/19/2010","12/07/2010","3:30p","4:20p","EDUC 104","1","Smith, J W",,,"09/22/2010",
"CALC 101","4","Recitation","Calculus",,"F","08/27/2010","11/19/2010","2:30p","3:20p","EDUC 102","2","Smith, J W",,,"09/22/2010",
"CALC 101","4","Recitation","Calculus",,"F","12/03/2010","12/10/2010","2:30p","3:20p","EDUC 102","2","Smith, J W",,,"09/22/2010",
"CALC 101","5","Recitation","Calculus",,"T","08/24/2010","10/05/2010","2:30p","3:20p","EDUC 104","1","Smith, J W",,,"09/22/2010",
"CALC 101","5","Recitation","Calculus",,"T","10/19/2010","12/07/2010","2:30p","3:20p","EDUC 104","1","Smith, J W",,,"09/22/2010",
"CALC 101","6","Recitation","Calculus",,"T","08/24/2010","10/05/2010","10:30a","11:20a","EDUC 104","1","Smith, J W",,,"09/22/2010",
"CALC 101","6","Recitation","Calculus",,"T","10/19/2010","12/07/2010","10:30a","11:20a","EDUC 104","1","Smith, J W",,,"09/22/2010",
"CALC 101","7","Recitation","Calculus",,"W","08/25/2010","11/17/2010","2:30p","3:20p","EDUC 102","2","Smith, J W",,,"09/22/2010",
"CALC 101","7","Recitation","Calculus",,"W","12/01/2010","12/08/2010","2:30p","3:20p","EDUC 102","2","Smith, J W",,,"09/22/2010",
"CALC 101","8","Recitation","Calculus",,"Th","08/26/2010","11/18/2010","2:30p","3:20p","EDUC 104","1","Smith, J W",,,"09/22/2010",
"CALC 101","8","Recitation","Calculus",,"Th","12/02/2010","12/09/2010","2:30p","3:20p","EDUC 104","1","Smith, J W",,,"09/22/2010",
"CALC 101","9","Recitation","Calculus",,"F","08/27/2010","11/19/2010","1:30p","2:20p","EDUC 104","1","Smith, J W",,,"09/22/2010",
"CALC 101","9","Recitation","Calculus",,"F","12/03/2010","12/10/2010","1:30p","2:20p","EDUC 104","1","Smith, J W",,,"09/22/2010",
"CHM 101","1","Recitation","Chemistry I",,"T","08/24/2010","10/05/2010","7:30a","8:20a","EDUC 103","2",,,,"09/22/2010",
"CHM 101","1","Recitation","Chemistry I",,"T","10/19/2010","12/07/2010","7:30a","8:20a","EDUC 103","2",,,,"09/22/2010",
"CHM 101","10","Recitation","Chemistry I",,"Th","08/26/2010","11/18/2010","10:30a","11:20a","EDUC 102","2",,,,"09/22/2010",
"CHM 101","10","Recitation","Chemistry I",,"Th","12/02/2010","12/09/2010","10:30a","11:20a","EDUC 102","2",,,,"09/22/2010",
"CHM 101","11","Recitation","Chemistry I",,"M","08/23/2010","08/30/2010","8:30a","9:20a","EDUC 102","2",,,,"09/22/2010",
"CHM 101","11","Recitation","Chemistry I",,"M","09/13/2010","10/04/2010","8:30a","9:20a","EDUC 102","2",,,,"09/22/2010",
"CHM 101","11","Recitation","Chemistry I",,"M","10/18/2010","12/06/2010","8:30a","9:20a","EDUC 102","2",,,,"09/22/2010",
"CHM 101","12","Recitation","Chemistry I",,"W","08/25/2010","11/17/2010","1:30p","2:20p","EDUC 102","2",,,,"09/22/2010",
"CHM 101","12","Recitation","Chemistry I",,"W","12/01/2010","12/08/2010","1:30p","2:20p","EDUC 102","2",,,,"09/22/2010",
"CHM 101","2","Recitation","Chemistry I",,"T","08/24/2010","10/05/2010","8:30a","9:20a","EDUC 103","2",,,,"09/22/2010",
"CHM 101","2","Recitation","Chemistry I",,"T","10/19/2010","12/07/2010","8:30a","9:20a","EDUC 103","2",,,,"09/22/2010",
"CHM 101","3","Recitation","Chemistry I",,"F","08/27/2010","11/19/2010","3:30p","4:20p","EDUC 102","2",,,,"09/22/2010",
"CHM 101","3","Recitation","Chemistry I",,"F","12/03/2010","12/10/2010","3:30p","4:20p","EDUC 102","2",,,,"09/22/2010",
"CHM 101","4","Recitation","Chemistry I",,"M","08/23/2010","08/30/2010","2:30p","3:20p","EDUC 102","2",,,,"09/22/2010",
"CHM 101","4","Recitation","Chemistry I",,"M","09/13/2010","10/04/2010","2:30p","3:20p","EDUC 102","2",,,,"09/22/2010",
"CHM 101","4","Recitation","Chemistry I",,"M","10/18/2010","12/06/2010","2:30p","3:20p","EDUC 102","2",,,,"09/22/2010",
"CHM 101","5","Recitation","Chemistry I",,"F","08/27/2010","11/19/2010","11:30a","12:20p","EDUC 104","1",,,,"09/22/2010",
"CHM 101","5","Recitation","Chemistry I",,"F","12/03/2010","12/10/2010","11:30a","12:20p","EDUC 104","1",,,,"09/22/2010",
"CHM 101","6","Recitation","Chemistry I",,"Th","08/26/2010","11/18/2010","11:30a","12:20p","EDUC 104","1",,,,"09/22/2010",
"CHM 101","6","Recitation","Chemistry I",,"Th","12/02/2010","12/09/2010","11:30a","12:20p","EDUC 104","1",,,,"09/22/2010",
"CHM 101","7","Recitation","Chemistry I",,"W","08/25/2010","11/17/2010","10:30a","11:20a","EDUC 104","1",,,,"09/22/2010",
"CHM 101","7","Recitation","Chemistry I",,"W","12/01/2010","12/08/2010","10:30a","11:20a","EDUC 104","1",,,,"09/22/2010",
"CHM 101","8","Recitation","Chemistry I",,"F","08/27/2010","11/19/2010","12:30p","1:20p","EDUC 103","2",,,,"09/22/2010",
"CHM 101","8","Recitation","Chemistry I",,"F","12/03/2010","12/10/2010","12:30p","1:20p","EDUC 103","2",,,,"09/22/2010",
"CHM 101","9","Recitation","Chemistry I",,"T","08/24/2010","10/05/2010","1:30p","2:20p","EDUC 104","1",,,,"09/22/2010",
"CHM 101","9","Recitation","Chemistry I",,"T","10/19/2010","12/07/2010","1:30p","2:20p","EDUC 104","1",,,,"09/22/2010",
"PHYS 101","1","Recitation","Physics",,"Th","08/26/2010","11/18/2010","10:30a","11:20a","EDUC 104","1",,,,"09/22/2010",
"PHYS 101","1","Recitation","Physics",,"Th","12/02/2010","12/09/2010","10:30a","11:20a","EDUC 104","1",,,,"09/22/2010",
"PHYS 101","2","Recitation","Physics",,"Th","08/26/2010","11/18/2010","3:30p","4:20p","EDUC 104","1",,,,"09/22/2010",
"PHYS 101","2","Recitation","Physics",,"Th","12/02/2010","12/09/2010","3:30p","4:20p","EDUC 104","1",,,,"09/22/2010",
"PHYS 101","3","Recitation","Physics",,"T","08/24/2010","10/05/2010","9:30a","10:20a","EDUC 103","2",,,,"09/22/2010",
"PHYS 101","3","Recitation","Physics",,"T","10/19/2010","12/07/2010","9:30a","10:20a","EDUC 103","2",,,,"09/22/2010",
"PHYS 101","4","Recitation","Physics",,"M","08/23/2010","08/30/2010","7:30a","8:20a","EDUC 104","1",,,,"09/22/2010",
"PHYS 101","4","Recitation","Physics",,"M","09/13/2010","10/04/2010","7:30a","8:20a","EDUC 104","1",,,,"09/22/2010",
"PHYS 101","4","Recitation","Physics",,"M","10/18/2010","12/06/2010","7:30a","8:20a","EDUC 104","1",,,,"09/22/2010",
"PHYS 101","5","Recitation","Physics",,"M","08/23/2010","08/30/2010","9:30a","10:20a","EDUC 104","1",,,,"09/22/2010",
"PHYS 101","5","Recitation","Physics",,"M","09/13/2010","10/04/2010","9:30a","10:20a","EDUC 104","1",,,,"09/22/2010",
"PHYS 101","5","Recitation","Physics",,"M","10/18/2010","12/06/2010","9:30a","10:20a","EDUC 104","1",,,,"09/22/2010",
"BIOL 101","1","Laboratory","Introduction to Biology",,"W","08/25/2010","11/17/2010","11:30a","1:20p","EDUC 107","1",,,,"09/22/2010",
"BIOL 101","1","Laboratory","Introduction to Biology",,"W","12/01/2010","12/08/2010","11:30a","1:20p","EDUC 107","1",,,,"09/22/2010",
"BIOL 101","10","Laboratory","Introduction to Biology",,"F","08/27/2010","11/19/2010","11:30a","1:20p","EDUC 107","1",,,,"09/22/2010",
"BIOL 101","10","Laboratory","Introduction to Biology",,"F","12/03/2010","12/10/2010","11:30a","1:20p","EDUC 107","1",,,,"09/22/2010",
"BIOL 101","11","Laboratory","Introduction to Biology",,"W","08/25/2010","11/17/2010","1:30p","3:20p","EDUC 107","1",,,,"09/22/2010",
"BIOL 101","11","Laboratory","Introduction to Biology",,"W","12/01/2010","12/08/2010","1:30p","3:20p","EDUC 107","1",,,,"09/22/2010",
"BIOL 101","2","Laboratory","Introduction to Biology",,"W","08/25/2010","11/17/2010","3:30p","5:20p","EDUC 107","1",,,,"09/22/2010",
"BIOL 101","2","Laboratory","Introduction to Biology",,"W","12/01/2010","12/08/2010","3:30p","5:20p","EDUC 107","1",,,,"09/22/2010",
"BIOL 101","3","Laboratory","Introduction to Biology",,"W","08/25/2010","11/17/2010","9:30a","11:20a","EDUC 107","1",,,,"09/22/2010",
"BIOL 101","3","Laboratory","Introduction to Biology",,"W","12/01/2010","12/08/2010","9:30a","11:20a","EDUC 107","1",,,,"09/22/2010",
"BIOL 101","4","Laboratory","Introduction to Biology",,"Th","08/26/2010","11/18/2010","11:30a","1:20p","EDUC 107","1",,,,"09/22/2010",
"BIOL 101","4","Laboratory","Introduction to Biology",,"Th","12/02/2010","12/09/2010","11:30a","1:20p","EDUC 107","1",,,,"09/22/2010",
"BIOL 101","5","Laboratory","Introduction to Biology",,"F","08/27/2010","11/19/2010","3:30p","5:20p","EDUC 107","1",,,,"09/22/2010",
"BIOL 101","5","Laboratory","Introduction to Biology",,"F","12/03/2010","12/10/2010","3:30p","5:20p","EDUC 107","1",,,,"09/22/2010",
"BIOL 101","6","Laboratory","Introduction to Biology",,"F","08/27/2010","11/19/2010","1:30p","3:20p","EDUC 107","1",,,,"09/22/2010",
"BIOL 101","6","Laboratory","Introduction to Biology",,"F","12/03/2010","12/10/2010","1:30p","3:20p","EDUC 107","1",,,,"09/22/2010",
"BIOL 101","7","Laboratory","Introduction to Biology",,"Th","08/26/2010","11/18/2010","7:30a","9:20a","EDUC 107","1",,,,"09/22/2010",
"BIOL 101","7","Laboratory","Introduction to Biology",,"Th","12/02/2010","12/09/2010","7:30a","9:20a","EDUC 107","1",,,,"09/22/2010",
"BIOL 101","8","Laboratory","Introduction to Biology",,"Th","08/26/2010","11/18/2010","9:30a","11:20a","EDUC 107","1",,,,"09/22/2010",
"BIOL 101","8","Laboratory","Introduction to Biology",,"Th","12/02/2010","12/09/2010","9:30a","11:20a","EDUC 107","1",,,,"09/22/2010",
"BIOL 101","9","Laboratory","Introduction to Biology",,"W","08/25/2010","11/17/2010","7:30a","9:20a","EDUC 107","1",,,,"09/22/2010",
"BIOL 101","9","Laboratory","Introduction to Biology",,"W","12/01/2010","12/08/2010","7:30a","9:20a","EDUC 107","1",,,,"09/22/2010",
"C S 101","1","Laboratory","Introductory Computing",,"T","08/24/2010","10/05/2010","11:30a","1:20p","EDUC 108","1",,,,"09/22/2010",
"C S 101","1","Laboratory","Introductory Computing",,"T","10/19/2010","12/07/2010","11:30a","1:20p","EDUC 108","1",,,,"09/22/2010",
"C S 101","2","Laboratory","Introductory Computing",,"T","08/24/2010","10/05/2010","7:30a","9:20a","EDUC 108","1",,,,"09/22/2010",
"C S 101","2","Laboratory","Introductory Computing",,"T","10/19/2010","12/07/2010","7:30a","9:20a","EDUC 108","1",,,,"09/22/2010",
"C S 101","3","Laboratory","Introductory Computing",,"W","08/25/2010","11/17/2010","9:30a","11:20a","EDUC 108","1",,,,"09/22/2010",
"C S 101","3","Laboratory","Introductory Computing",,"W","12/01/2010","12/08/2010","9:30a","11:20a","EDUC 108","1",,,,"09/22/2010",
"C S 101","4","Laboratory","Introductory Computing",,"M","08/23/2010","08/30/2010","1:30p","3:20p","EDUC 108","1",,,,"09/22/2010",
"C S 101","4","Laboratory","Introductory Computing",,"M","09/13/2010","10/04/2010","1:30p","3:20p","EDUC 108","1",,,,"09/22/2010",
"C S 101","4","Laboratory","Introductory Computing",,"M","10/18/2010","12/06/2010","1:30p","3:20p","EDUC 108","1",,,,"09/22/2010",
"CHM 101","1","Laboratory","Chemistry I",,"Th","08/26/2010","11/18/2010","11:30a","2:20p","EDUC 106","1",,,,"09/22/2010",
"CHM 101","1","Laboratory","Chemistry I",,"Th","12/02/2010","12/09/2010","11:30a","2:20p","EDUC 106","1",,,,"09/22/2010",
"CHM 101","10","Laboratory","Chemistry I",,"T","08/24/2010","10/05/2010","7:30a","10:20a","EDUC 107","1",,,,"09/22/2010",
"CHM 101","10","Laboratory","Chemistry I",,"T","10/19/2010","12/07/2010","7:30a","10:20a","EDUC 107","1",,,,"09/22/2010",
"CHM 101","11","Laboratory","Chemistry I",,"W","08/25/2010","11/17/2010","11:30a","2:20p","EDUC 106","1",,,,"09/22/2010",
"CHM 101","11","Laboratory","Chemistry I",,"W","12/01/2010","12/08/2010","11:30a","2:20p","EDUC 106","1",,,,"09/22/2010",
"CHM 101","12","Laboratory","Chemistry I",,"F","08/27/2010","11/19/2010","11:30a","2:20p","EDUC 106","1",,,,"09/22/2010",
"CHM 101","12","Laboratory","Chemistry I",,"F","12/03/2010","12/10/2010","11:30a","2:20p","EDUC 106","1",,,,"09/22/2010",
"CHM 101","2","Laboratory","Chemistry I",,"F","08/27/2010","11/19/2010","3:00p","5:50p","EDUC 106","1",,,,"09/22/2010",
"CHM 101","2","Laboratory","Chemistry I",,"F","12/03/2010","12/10/2010","3:00p","5:50p","EDUC 106","1",,,,"09/22/2010",
"CHM 101","3","Laboratory","Chemistry I",,"Th","08/26/2010","11/18/2010","7:30a","10:20a","EDUC 103","2",,,,"09/22/2010",
"CHM 101","3","Laboratory","Chemistry I",,"Th","12/02/2010","12/09/2010","7:30a","10:20a","EDUC 103","2",,,,"09/22/2010",
"CHM 101","4","Laboratory","Chemistry I",,"T","08/24/2010","10/05/2010","3:00p","5:50p","EDUC 107","1",,,,"09/22/2010",
"CHM 101","4","Laboratory","Chemistry I",,"T","10/19/2010","12/07/2010","3:00p","5:50p","EDUC 107","1",,,,"09/22/2010",
"CHM 101","5","Laboratory","Chemistry I",,"F","08/27/2010","11/19/2010","7:30a","10:20a","EDUC 106","1",,,,"09/22/2010",
"CHM 101","5","Laboratory","Chemistry I",,"F","12/03/2010","12/10/2010","7:30a","10:20a","EDUC 106","1",,,,"09/22/2010",
"CHM 101","6","Laboratory","Chemistry I",,"W","08/25/2010","11/17/2010","7:30a","10:20a","EDUC 106","1",,,,"09/22/2010",
"CHM 101","6","Laboratory","Chemistry I",,"W","12/01/2010","12/08/2010","7:30a","10:20a","EDUC 106","1",,,,"09/22/2010",
"CHM 101","7","Laboratory","Chemistry I",,"W","08/25/2010","11/17/2010","3:00p","5:50p","EDUC 106","1",,,,"09/22/2010",
"CHM 101","7","Laboratory","Chemistry I",,"W","12/01/2010","12/08/2010","3:00p","5:50p","EDUC 106","1",,,,"09/22/2010",
"CHM 101","8","Laboratory","Chemistry I",,"T","08/24/2010","10/05/2010","11:30a","2:20p","EDUC 106","1",,,,"09/22/2010",
"CHM 101","8","Laboratory","Chemistry I",,"T","10/19/2010","12/07/2010","11:30a","2:20p","EDUC 106","1",,,,"09/22/2010",
"CHM 101","9","Laboratory","Chemistry I",,"Th","08/26/2010","11/18/2010","3:00p","5:50p","EDUC 107","1",,,,"09/22/2010",
"CHM 101","9","Laboratory","Chemistry I",,"Th","12/02/2010","12/09/2010","3:00p","5:50p","EDUC 107","1",,,,"09/22/2010",
"ENGL 101","1","Laboratory","English",,"Th","08/26/2010","11/18/2010","2:30p","3:20p","EDUC 108","1",,,,"09/22/2010",
"ENGL 101","1","Laboratory","English",,"Th","12/02/2010","12/09/2010","2:30p","3:20p","EDUC 108","1",,,,"09/22/2010",
"ENGL 101","10","Laboratory","English",,"T","08/24/2010","10/05/2010","2:30p","3:20p","EDUC 108","1",,,,"09/22/2010",
"ENGL 101","10","Laboratory","English",,"T","10/19/2010","12/07/2010","2:30p","3:20p","EDUC 108","1",,,,"09/22/2010",
"ENGL 101","2","Laboratory","English",,"Th","08/26/2010","11/18/2010","4:30p","5:20p","EDUC 108","1",,,,"09/22/2010",
"ENGL 101","2","Laboratory","English",,"Th","12/02/2010","12/09/2010","4:30p","5:20p","EDUC 108","1",,,,"09/22/2010",
"ENGL 101","3","Laboratory","English",,"Th","08/26/2010","11/18/2010","11:30a","12:20p","EDUC 108","1",,,,"09/22/2010",
"ENGL 101","3","Laboratory","English",,"Th","12/02/2010","12/09/2010","11:30a","12:20p","EDUC 108","1",,,,"09/22/2010",
"ENGL 101","4","Laboratory","English",,"M","08/23/2010","08/30/2010","11:30a","12:20p","EDUC 108","1",,,,"09/22/2010",
"ENGL 101","4","Laboratory","English",,"M","09/13/2010","10/04/2010","11:30a","12:20p","EDUC 108","1",,,,"09/22/2010",
"ENGL 101","4","Laboratory","English",,"M","10/18/2010","12/06/2010","11:30a","12:20p","EDUC 108","1",,,,"09/22/2010",
"ENGL 101","5","Laboratory","English",,"F","08/27/2010","11/19/2010","4:30p","5:20p","EDUC 108","1",,,,"09/22/2010",
"ENGL 101","5","Laboratory","English",,"F","12/03/2010","12/10/2010","4:30p","5:20p","EDUC 108","1",,,,"09/22/2010",
"ENGL 101","6","Laboratory","English",,"M","08/23/2010","08/30/2010","3:30p","4:20p","EDUC 108","1",,,,"09/22/2010",
"ENGL 101","6","Laboratory","English",,"M","09/13/2010","10/04/2010","3:30p","4:20p","EDUC 108","1",,,,"09/22/2010",
"ENGL 101","6","Laboratory","English",,"M","10/18/2010","12/06/2010","3:30p","4:20p","EDUC 108","1",,,,"09/22/2010",
"ENGL 101","7","Laboratory","English",,"T","08/24/2010","10/05/2010","9:30a","10:20a","EDUC 108","1",,,,"09/22/2010",
"ENGL 101","7","Laboratory","English",,"T","10/19/2010","12/07/2010","9:30a","10:20a","EDUC 108","1",,,,"09/22/2010",
"ENGL 101","8","Laboratory","English",,"Th","08/26/2010","11/18/2010","12:30p","1:20p","EDUC 108","1",,,,"09/22/2010",
"ENGL 101","8","Laboratory","English",,"Th","12/02/2010","12/09/2010","12:30p","1:20p","EDUC 108","1",,,,"09/22/2010",
"ENGL 101","9","Laboratory","English",,"T","08/24/2010","10/05/2010","4:30p","5:20p","EDUC 108","1",,,,"09/22/2010",
"ENGL 101","9","Laboratory","English",,"T","10/19/2010","12/07/2010","4:30p","5:20p","EDUC 108","1",,,,"09/22/2010",
"ENGR 101","1","Laboratory","Freshman Engineering",,"F","08/27/2010","11/19/2010","9:30a","11:20a","EDUC 108","1",,,,"09/22/2010",
"ENGR 101","1","Laboratory","Freshman Engineering",,"F","12/03/2010","12/10/2010","9:30a","11:20a","EDUC 108","1",,,,"09/22/2010",
"ENGR 101","2","Laboratory","Freshman Engineering",,"M","08/23/2010","08/30/2010","9:30a","11:20a","EDUC 108","1",,,,"09/22/2010",
"ENGR 101","2","Laboratory","Freshman Engineering",,"M","09/13/2010","10/04/2010","9:30a","11:20a","EDUC 108","1",,,,"09/22/2010",
"ENGR 101","2","Laboratory","Freshman Engineering",,"M","10/18/2010","12/06/2010","9:30a","11:20a","EDUC 108","1",,,,"09/22/2010",
"ENGR 101","3","Laboratory","Freshman Engineering",,"W","08/25/2010","11/17/2010","7:30a","9:20a","EDUC 108","1",,,,"09/22/2010",
"ENGR 101","3","Laboratory","Freshman Engineering",,"W","12/01/2010","12/08/2010","7:30a","9:20a","EDUC 108","1",,,,"09/22/2010",
"GER 101","1","Laboratory","German",,"F","08/27/2010","11/19/2010","3:30p","4:20p","EDUC 108","1",,,,"09/22/2010",
"GER 101","1","Laboratory","German",,"F","12/03/2010","12/10/2010","3:30p","4:20p","EDUC 108","1",,,,"09/22/2010",
"GER 101","2","Laboratory","German",,"F","08/27/2010","11/19/2010","8:30a","9:20a","EDUC 108","1",,,,"09/22/2010",
"GER 101","2","Laboratory","German",,"F","12/03/2010","12/10/2010","8:30a","9:20a","EDUC 108","1",,,,"09/22/2010",
"GER 101","3","Laboratory","German",,"T","08/24/2010","10/05/2010","10:30a","11:20a","EDUC 108","1",,,,"09/22/2010",
"GER 101","3","Laboratory","German",,"T","10/19/2010","12/07/2010","10:30a","11:20a","EDUC 108","1",,,,"09/22/2010",
"GER 101","4","Laboratory","German",,"T","08/24/2010","10/05/2010","1:30p","2:20p","EDUC 108","1",,,,"09/22/2010",
"GER 101","4","Laboratory","German",,"T","10/19/2010","12/07/2010","1:30p","2:20p","EDUC 108","1",,,,"09/22/2010",
"MBIO 101","1","Laboratory","Principles of Microbiology",,"M","08/23/2010","08/30/2010","11:30a","1:20p","EDUC 107","1",,,,"09/22/2010",
"MBIO 101","1","Laboratory","Principles of Microbiology",,"M","09/13/2010","10/04/2010","11:30a","1:20p","EDUC 107","1",,,,"09/22/2010",
"MBIO 101","1","Laboratory","Principles of Microbiology",,"M","10/18/2010","12/06/2010","11:30a","1:20p","EDUC 107","1",,,,"09/22/2010",
"MBIO 101","2","Laboratory","Principles of Microbiology",,"M","08/23/2010","08/30/2010","3:30p","5:20p","EDUC 107","1",,,,"09/22/2010",
"MBIO 101","2","Laboratory","Principles of Microbiology",,"M","09/13/2010","10/04/2010","3:30p","5:20p","EDUC 107","1",,,,"09/22/2010",
"MBIO 101","2","Laboratory","Principles of Microbiology",,"M","10/18/2010","12/06/2010","3:30p","5:20p","EDUC 107","1",,,,"09/22/2010",
"MBIO 101","3","Laboratory","Principles of Microbiology",,"M","08/23/2010","08/30/2010","1:30p","3:20p","EDUC 107","1",,,,"09/22/2010",
"MBIO 101","3","Laboratory","Principles of Microbiology",,"M","09/13/2010","10/04/2010","1:30p","3:20p","EDUC 107","1",,,,"09/22/2010",
"MBIO 101","3","Laboratory","Principles of Microbiology",,"M","10/18/2010","12/06/2010","1:30p","3:20p","EDUC 107","1",,,,"09/22/2010",
"PHYS 101","1","Laboratory","Physics",,"F","08/27/2010","11/19/2010","1:30p","3:20p","EDUC 108","1",,,,"09/22/2010",
"PHYS 101","1","Laboratory","Physics",,"F","12/03/2010","12/10/2010","1:30p","3:20p","EDUC 108","1",,,,"09/22/2010",
"PHYS 101","2","Laboratory","Physics",,"W","08/25/2010","11/17/2010","1:30p","3:20p","EDUC 108","1",,,,"09/22/2010",
"PHYS 101","2","Laboratory","Physics",,"W","12/01/2010","12/08/2010","1:30p","3:20p","EDUC 108","1",,,,"09/22/2010",
"PHYS 101","3","Laboratory","Physics",,"Th","08/26/2010","11/18/2010","7:30a","9:20a","EDUC 108","1",,,,"09/22/2010",
"PHYS 101","3","Laboratory","Physics",,"Th","12/02/2010","12/09/2010","7:30a","9:20a","EDUC 108","1",,,,"09/22/2010",
"PHYS 101","4","Laboratory","Physics",,"F","08/27/2010","11/19/2010","11:30a","1:20p","EDUC 108","1",,,,"09/22/2010",
"PHYS 101","4","Laboratory","Physics",,"F","12/03/2010","12/10/2010","11:30a","1:20p","EDUC 108","1",,,,"09/22/2010",
"PHYS 101","5","Laboratory","Physics",,"Th","08/26/2010","11/18/2010","9:30a","11:20a","EDUC 108","1",,,,"09/22/2010",
"PHYS 101","5","Laboratory","Physics",,"Th","12/02/2010","12/09/2010","9:30a","11:20a","EDUC 108","1",,,,"09/22/2010",
"SPAN 101","1","Laboratory","Spanish",,"W","08/25/2010","11/17/2010","11:30a","12:20p","EDUC 108","1",,,,"09/22/2010",
"SPAN 101","1","Laboratory","Spanish",,"W","12/01/2010","12/08/2010","11:30a","12:20p","EDUC 108","1",,,,"09/22/2010",
"SPAN 101","2","Laboratory","Spanish",,"Th","08/26/2010","11/18/2010","1:30p","2:20p","EDUC 108","1",,,,"09/22/2010",
"SPAN 101","2","Laboratory","Spanish",,"Th","12/02/2010","12/09/2010","1:30p","2:20p","EDUC 108","1",,,,"09/22/2010",
"SPAN 101","3","Laboratory","Spanish",,"M","08/23/2010","08/30/2010","8:30a","9:20a","EDUC 108","1",,,,"09/22/2010",
"SPAN 101","3","Laboratory","Spanish",,"M","09/13/2010","10/04/2010","8:30a","9:20a","EDUC 108","1",,,,"09/22/2010",
"SPAN 101","3","Laboratory","Spanish",,"M","10/18/2010","12/06/2010","8:30a","9:20a","EDUC 108","1",,,,"09/22/2010",
"SPAN 101","4","Laboratory","Spanish",,"W","08/25/2010","11/17/2010","3:30p","4:20p","EDUC 108","1",,,,"09/22/2010",
"SPAN 101","4","Laboratory","Spanish",,"W","12/01/2010","12/08/2010","3:30p","4:20p","EDUC 108","1",,,,"09/22/2010",
"BIOL 101","1","Pso  ","Introduction to Biology",,"W","08/25/2010","11/17/2010","2:30p","3:20p","EDUC 101","4","Newman, G",,,"09/22/2010",
"BIOL 101","1","Pso  ","Introduction to Biology",,"W","12/01/2010","12/08/2010","2:30p","3:20p","EDUC 101","4","Newman, G",,,"09/22/2010",
"BIOL 101","2","Pso  ","Introduction to Biology",,"W","08/25/2010","11/17/2010","9:30a","10:20a","EDUC 101","4","Newman, G",,,"09/22/2010",
"BIOL 101","2","Pso  ","Introduction to Biology",,"W","12/01/2010","12/08/2010","9:30a","10:20a","EDUC 101","4","Newman, G",,,"09/22/2010",
"BIOL 101","3","Pso  ","Introduction to Biology",,"Th","08/26/2010","11/18/2010","8:30a","9:20a","EDUC 101","4","Newman, G",,,"09/22/2010",
"BIOL 101","3","Pso  ","Introduction to Biology",,"Th","12/02/2010","12/09/2010","8:30a","9:20a","EDUC 101","4","Newman, G",,,"09/22/2010",
"ALG 101","Offering","Final Examination","Algebra I",,"T","12/14/2010",,"1:00p","3:00p","EDUC 102","2","Doe, J",,,"09/22/2010",
"BAND 101","Course","Final Examination","Band",,"T","12/14/2010",,"8:00a","9:00a","EDUC 102","2",,,,"09/22/2010",
"BIOL 101","Lec 2","Final Examination","Introduction to Biology",,"M","12/13/2010",,"1:00p","4:00p","THTR 101","4","Newman, G",,,"09/22/2010",
"BIOL 101","Lec 1","Final Examination","Introduction to Biology",,"M","12/13/2010",,"1:00p","4:00p","EDUC 101","4","Newman, G",,,"09/22/2010",
"BIOL 101","Lec 1","Final Examination","Introduction to Biology",,"M","12/13/2010",,"1:00p","4:00p","EDUC 102","2","Newman, G",,,"09/22/2010",
"BIOL 101","Lec 3","Final Examination","Introduction to Biology",,"M","12/13/2010",,"1:00p","4:00p","EDUC 103","2","Student, J
Student, S",,,"09/22/2010",
"C S 101","Course","Final Examination","Introductory Computing",,"M","12/13/2010",,"11:30a","12:30p","THTR 101","4","Doe, J",,,"09/22/2010",
"CALC 101
CALC 101","Lec 1
Lec 2","Final Examination","Calculus
",,"Th","12/16/2010",,"11:30a","12:30p","EDUC 101","4","Doe, J",,,"09/22/2010",
"CALC 101
CALC 101","Lec 1
Lec 2","Final Examination","Calculus
",,"Th","12/16/2010",,"11:30a","12:30p","THTR 101","4","Doe, J",,,"09/22/2010",
"CALC 101","Lec 3","Final Examination","Calculus",,"T","12/14/2010",,"8:00a","9:00a","EDUC 101","4","Smith, J W",,,"09/22/2010",
"CALC 101","Lec 3","Final Examination","Calculus",,"T","12/14/2010",,"8:00a","9:00a","EDUC 103","2","Smith, J W",,,"09/22/2010",
"CHM 101","Lec 1","Final Examination","Chemistry I",,"Th","12/16/2010",,"8:00a","10:00a","EDUC 101","4",,,,"09/22/2010",
"CHM 101","Lec 2","Final Examination","Chemistry I",,"W","12/15/2010",,"8:00a","10:00a","EDUC 101","4",,,,"09/22/2010",
"CHM 101","Lec 3","Final Examination","Chemistry I",,"T","12/14/2010",,"1:00p","3:00p","EDUC 101","4",,,,"09/22/2010",
"COM 101
COM 101
COM 101
COM 101","Lec 1
Lec 3
Lec 6
Lec 7","Final Examination","Communications I


",,"M","12/13/2010",,"11:30a","12:30p","EDUC 102","2",,,,"09/22/2010",
"COM 101
COM 101
COM 101
COM 101","Lec 1
Lec 3
Lec 6
Lec 7","Final Examination","Communications I


",,"M","12/13/2010",,"11:30a","12:30p","EDUC 103","2",,,,"09/22/2010",
"COM 101
COM 101
COM 101
COM 101","Lec 2
Lec 4
Lec 8
Lec 9","Final Examination","Communications I


",,"W","12/15/2010",,"8:00a","9:00a","EDUC 102","2",,,,"09/22/2010",
"ECON 101","Course","Final Examination","Micoeconomics",,"M","12/13/2010",,"8:00a","10:00a","EDUC 101","4",,,,"09/22/2010",
"ENGL 101","Course","Final Examination","English",,"W","12/15/2010",,"11:30a","12:30p","EDUC 101","4",,,,"09/22/2010",
"ENGL 101","Course","Final Examination","English",,"W","12/15/2010",,"11:30a","12:30p","EDUC 102","2",,,,"09/22/2010",
"ENGL 101","Course","Final Examination","English",,"W","12/15/2010",,"11:30a","12:30p","THTR 101","4",,,,"09/22/2010",
"ENGR 101","Lec 1","Final Examination","Freshman Engineering",,"M","12/13/2010",,"8:00a","10:00a","THTR 101","4",,,,"09/22/2010",
"GER 101
SPAN 101","Lec 1
Lec 2","Final Examination","German
Spanish",,"T","12/14/2010",,"11:30a","12:30p","THTR 101","4",,,,"09/22/2010",
"GER 101
SPAN 101","Lec 2
Lec 1","Final Examination","German
Spanish",,"Th","12/16/2010",,"8:00a","9:00a","THTR 101","4",,,,"09/22/2010",
"MBIO 101","Lec 1","Final Examination","Principles of Microbiology",,"T","12/14/2010",,"1:00p","3:00p","THTR 101","4",,,,"09/22/2010",
"PHIL 101
SOC 101","Lec 1
Lec 2","Final Examination","Philosophy
Sociology",,"W","12/15/2010",,"8:00a","10:00a","THTR 101","4",,,,"09/22/2010",
"PHYS 101","Lec 1","Final Examination","Physics",,"T","12/14/2010",,"1:00p","3:00p","EDUC 103","2",,,,"09/22/2010",
"PHYS 101","Lec 2","Final Examination","Physics",,"W","12/15/2010",,"1:00p","3:00p","THTR 101","4",,,,"09/22/2010",
"POL 101","Lec 1","Final Examination","Political Science",,"M","12/13/2010",,"8:00a","10:00a","EDUC 103","2",,,,"09/22/2010",
"POL 101","Lec 2","Final Examination","Political Science",,"W","12/15/2010",,"8:00a","10:00a","EDUC 103","2",,,,"09/22/2010",
"PSY 101","Course","Final Examination","Psychology",,"T","12/14/2010",,"8:00a","10:00a","THTR 101","4",,,,"09/22/2010",
"SOC 101","Lec 1","Final Examination","Sociology",,"M","12/13/2010",,"8:00a","10:00a","EDUC 102","2",,,,"09/22/2010",
"ALG 101","Course","Midterm Examination","Algebra I",,"M","11/08/2010",,"8:00p","10:00p","EDUC 102","2","Doe, J",,,"09/22/2010",
"ALG 101","Course","Midterm Examination","Algebra I",,"T","09/28/2010",,"6:30p","7:30p","EDUC 102","2","Doe, J",,,"09/22/2010",
"ALG 101","Course","Midterm Examination","Algebra I",,"T","10/26/2010",,"6:30p","7:30p","EDUC 102","2","Doe, J",,,"09/22/2010",
"BIOL 101","Course","Midterm Examination","Introduction to Biology",,"T","10/26/2010",,"8:00p","10:00p","EDUC 101","4","Newman, G",,,"09/22/2010",
"BIOL 101","Course","Midterm Examination","Introduction to Biology",,"T","10/26/2010",,"8:00p","10:00p","EDUC 104","1","Newman, G",,,"09/22/2010",
"BIOL 101","Course","Midterm Examination","Introduction to Biology",,"T","10/26/2010",,"8:00p","10:00p","THTR 101","4","Newman, G",,,"09/22/2010",
"CALC 101","Course","Midterm Examination","Calculus",,"W","09/08/2010",,"8:00p","10:00p","EDUC 102","2","Smith, J W",,,"09/22/2010",
"CALC 101","Course","Midterm Examination","Calculus",,"W","09/08/2010",,"8:00p","10:00p","EDUC 103","2","Smith, J W",,,"09/22/2010",
"CALC 101","Course","Midterm Examination","Calculus",,"W","09/08/2010",,"8:00p","10:00p","THTR 101","4","Smith, J W",,,"09/22/2010",
"CALC 101","Course","Midterm Examination","Calculus",,"M","10/25/2010",,"8:00p","10:00p","EDUC 102","2","Smith, J W",,,"09/22/2010",
"CALC 101","Course","Midterm Examination","Calculus",,"M","10/25/2010",,"8:00p","10:00p","EDUC 103","2","Smith, J W",,,"09/22/2010",
"CALC 101","Course","Midterm Examination","Calculus",,"M","10/25/2010",,"8:00p","10:00p","THTR 101","4","Smith, J W",,,"09/22/2010",
"ENGL 101","Course","Midterm Examination","English",,"Th","09/09/2010",,"8:00p","10:00p","EDUC 102","2",,,,"09/22/2010",
"ENGL 101","Course","Midterm Examination","English",,"Th","09/09/2010",,"8:00p","10:00p","THTR 101","4",,,,"09/22/2010",
"ENGL 101","Course","Midterm Examination","English",,"M","09/27/2010",,"8:00p","10:00p","EDUC 102","2",,,,"09/22/2010",
"ENGL 101","Course","Midterm Examination","English",,"M","09/27/2010",,"8:00p","10:00p","THTR 101","4",,,,"09/22/2010",
"SOC 101
SPAN 101","Course","Midterm Examination","Sociology
Spanish",,"W","09/29/2010",,"8:00p","10:00p","THTR 101","4",,,,"09/22/2010",
"SOC 101
SPAN 101","Course","Midterm Examination","Sociology
Spanish",,"M","11/01/2010",,"8:00p","10:00p","THTR 101","4",,,,"09/22/2010",
"Performances",,"Special",,,"M","08/23/2010","12/06/2010","8:00a","10:00a","THTR 101","4",,,,"09/22/2010",
